{"n_sources": [10, 10, 10, 10, 10, 15, 15, 15, 15, 15, 3, 3, 3, 3, 3, 5, 5, 5, 5, 5], "top_k": [10, 20, 30, 40, 50, 15, 30, 45, 60, 75, 3, 6, 9, 12, 15, 5, 10, 15, 20, 25], "infection_percentage": [30, 30, 30, 30, 30, 30, 30, 30, 30, 30, 30, 30, 30, 30, 30, 30, 30, 30, 30, 30], "name": ["facebookego", "facebookego", "facebookego", "facebookego", "facebookego", "facebookego", "facebookego", "facebookego", "facebookego", "facebookego", "facebookego", "facebookego", "facebookego", "facebookego", "facebookego", "facebookego", "facebookego", "facebookego", "facebookego", "facebookego"], "precision_mean": [0.06666666766007741, 0.04333333397905032, 0.03333333507180214, 0.026666667126119138, 0.024666666115323702, 0.13777778272827465, 0.09000000258286794, 0.07111111357808113, 0.06277777962386608, 0.05555555646618207, 0.011111111442248026, 0.01666666716337204, 0.014814814925193787, 0.011111111442248026, 0.008888889352480571, 0.04666666736205419, 0.033333333830038704, 0.02444444571932157, 0.02166666698952516, 0.018666666249434152], "precision_var": [0.004888889034589133, 0.0016222222705682121, 0.0006666667362054207, 0.00041388890722559587, 0.00041822220352623227, 0.00916543251172997, 0.002159259293255985, 0.0010666667448149822, 0.0007163580365662967, 0.00038024691571424384, 0.0035802471269795974, 0.0025000001490116134, 0.0014266118182403391, 0.0008024691836333574, 0.0005135803004841761, 0.009822222514947259, 0.0028888889749844877, 0.001624691527493211, 0.0012805555937190855, 0.0008248888520134824], "recall_mean": [0.06666666766007741, 0.08666666795810064, 0.10000000149011612, 0.10666666850447655, 0.12333333591620127, 0.13777778272827465, 0.1800000051657359, 0.21333333998918533, 0.2511111184954643, 0.2777777860562007, 0.011111111442248026, 0.03333333432674408, 0.044444445768992105, 0.044444445768992105, 0.044444445768992105, 0.04666666736205419, 0.06666666766007741, 0.07333333442608515, 0.08666666795810064, 0.09333333472410837], "recall_var": [0.004888889034589133, 0.0064888890822728485, 0.006000000178813936, 0.006622222515609534, 0.010455556130409252, 0.00916543251172997, 0.00863703717302394, 0.00960000032583874, 0.011461728585060747, 0.009506172876299178, 0.0035802471269795974, 0.010000000596046454, 0.012839506938133719, 0.012839506938133719, 0.012839506938133719, 0.009822222514947259, 0.011555555899937951, 0.014622222657998405, 0.020488889499505367, 0.020622222836812344], "f_score_mean": [0.06666666766007741, 0.05777778079112371, 0.05000000074505806, 0.04266666571299235, 0.04111111288269361, 0.13777778272827465, 0.12000000501672427, 0.10666666999459266, 0.100444445759058, 0.09259259526928267, 0.011111111442248026, 0.02222222238779068, 0.022222222884496053, 0.017777778704961143, 0.014814814925193787, 0.04666666736205419, 0.044444446762402855, 0.03666666721304258, 0.03466666589180629, 0.031111112733681997], "f_score_var": [0.004888889034589133, 0.0028839509181034506, 0.001500000044703484, 0.0010595555081897316, 0.001161728472363804, 0.00916543251172997, 0.003838683568450173, 0.002400000081459685, 0.0018338765717553621, 0.0010562415048991096, 0.0035802471269795974, 0.004444444510671829, 0.0032098767345334297, 0.0020543212019367043, 0.0014266118182403391, 0.009822222514947259, 0.00513580300484176, 0.003655555664499601, 0.00327822207567427, 0.0022913582636986314]}