{"n_sources": [10, 10, 10, 10, 10, 15, 15, 15, 15, 15, 3, 3, 3, 3, 3, 5, 5, 5, 5, 5], "top_k": [10, 20, 40, 80, 100, 15, 30, 60, 120, 150, 3, 6, 12, 24, 30, 5, 10, 20, 40, 50], "infection_percentage": [30, 30, 30, 30, 30, 30, 30, 30, 30, 30, 30, 30, 30, 30, 30, 30, 30, 30, 30, 30], "name": ["facebookego", "facebookego", "facebookego", "facebookego", "facebookego", "facebookego", "facebookego", "facebookego", "facebookego", "facebookego", "facebookego", "facebookego", "facebookego", "facebookego", "facebookego", "facebookego", "facebookego", "facebookego", "facebookego", "facebookego"], "precision_mean": [0.0800000011920929, 0.06500000096857547, 0.04750000089406967, 0.030000000447034835, 0.03199999965727329, 0.11333333775401115, 0.09000000283122063, 0.06000000238418579, 0.03666666783392429, 0.03200000040233135, 0.0, 0.01666666716337204, 0.00833333358168602, 0.00416666679084301, 0.003333333507180214, 0.04000000059604645, 0.020000000298023225, 0.015000000223517418, 0.012500000186264515, 0.011999999731779098], "precision_var": [0.0036000001072883604, 0.0030250000901520255, 0.001056250041723252, 0.00031875000484287753, 0.00017600000554323232, 0.003600000117222473, 0.0017888889885611045, 0.00017777779880497334, 9.999999987582385e-05, 4.266666277249767e-05, 0.0, 0.0025000001490116143, 0.0006250000372529036, 0.0001562500093132259, 0.00010000001043081312, 0.006400000190734864, 0.001600000047683716, 0.0005250000156462193, 0.0002812500083819032, 0.00017599999213218696], "recall_mean": [0.0800000011920929, 0.13000000193715094, 0.1900000035762787, 0.24000000357627868, 0.3200000040233135, 0.11333333775401115, 0.18000000566244126, 0.24000000953674316, 0.2933333426713943, 0.32000000923871996, 0.0, 0.03333333432674408, 0.03333333432674408, 0.03333333432674408, 0.03333333432674408, 0.04000000059604645, 0.04000000059604645, 0.06000000089406967, 0.10000000149011612, 0.12000000178813934], "recall_var": [0.0036000001072883604, 0.012100000360608102, 0.01690000066757203, 0.020400000309944162, 0.017599999958276758, 0.003600000117222473, 0.007155555954244418, 0.0028444447808795735, 0.006399999992052726, 0.004266666515668247, 0.0, 0.010000000596046457, 0.010000000596046457, 0.010000000596046457, 0.010000000596046457, 0.006400000190734864, 0.006400000190734864, 0.008400000250339509, 0.018000000536441806, 0.017600000524520876], "f_score_mean": [0.0800000011920929, 0.08666667118668556, 0.07599999830126762, 0.0533333346247673, 0.0581818176433444, 0.11333333775401115, 0.12000000402331353, 0.09600000157952308, 0.06518518552184105, 0.058181817457079885, 0.0, 0.02222222238779068, 0.013333334028720856, 0.0074074074625968935, 0.006060606241226197, 0.04000000059604645, 0.026666668057441712, 0.023999999463558196, 0.02222222276031971, 0.0218181811273098], "f_score_var": [0.0036000001072883604, 0.005377778338723728, 0.0027039998791217818, 0.001007407439638068, 0.0005818182167681813, 0.003600000117222473, 0.0031802470311706513, 0.0004551111967298788, 0.000316049409059832, 0.0001410468284420431, 0.0, 0.004444444510671828, 0.00160000016689301, 0.0004938271678524253, 0.00033057853210070935, 0.006400000190734864, 0.0028444447411431284, 0.0013439999399185187, 0.0008888889319366884, 0.0005818181449716748]}