{"n_sources": [3, 3, 3, 3, 3, 10, 10, 10, 10, 10, 15, 15, 15, 15, 15, 20, 20, 20, 20, 20], "top_k": [3, 6, 12, 24, 30, 10, 20, 40, 80, 100, 15, 30, 60, 120, 150, 20, 40, 80, 160, 200], "precision_mean": [0.26666667461395266, 0.3000000059604645, 0.2583333343267441, 0.2541666604578495, 0.22666667327284812, 0.4400000125169754, 0.41000000685453414, 0.36749999821186063, 0.31124999821186067, 0.3040000006556511, 0.5200000137090683, 0.5200000047683716, 0.48333332538604734, 0.452499994635582, 0.4406666666269302, 0.6150000005960464, 0.5849999964237214, 0.5650000035762787, 0.5125000029802322, 0.48149999380111697], "recall_mean": [0.012647053599357605, 0.028160252328962087, 0.04748979303985834, 0.09363320246338844, 0.1043800726532936, 0.021431263349950314, 0.03987044021487236, 0.07117294408380985, 0.12032004818320274, 0.14705074056982995, 0.025863544829189778, 0.05167957581579685, 0.09594413712620735, 0.17922846376895904, 0.21820826083421707, 0.031972197256982325, 0.06083123162388802, 0.1174277864396572, 0.21321315318346024, 0.24999579191207885], "infection_percentage": [15, 15, 15, 15, 15, 15, 15, 15, 15, 15, 15, 15, 15, 15, 15, 15, 15, 15, 15, 15], "f_score_mean": [0.02414689026772976, 0.051476093009114265, 0.08019368201494217, 0.1367593716830015, 0.1428351391106844, 0.040868224762380126, 0.07266336046159268, 0.1192243866622448, 0.17349375337362288, 0.19814860224723815, 0.04927057772874832, 0.09399648904800414, 0.16005415320396424, 0.2566332623362541, 0.29172694981098174, 0.06077505126595497, 0.11017391011118889, 0.19435960203409194, 0.30096131563186646, 0.3289004772901535]}