{"n_sources": [10, 10, 10, 10, 10, 15, 15, 15, 15, 15, 3, 3, 3, 3, 3, 5, 5, 5, 5, 5], "top_k": [10, 20, 30, 40, 50, 15, 30, 45, 60, 75, 3, 6, 9, 12, 15, 5, 10, 15, 20, 25], "infection_percentage": [10, 10, 10, 10, 10, 10, 10, 10, 10, 10, 10, 10, 10, 10, 10, 10, 10, 10, 10, 10], "name": ["er", "er", "er", "er", "er", "er", "er", "er", "er", "er", "er", "er", "er", "er", "er", "er", "er", "er", "er", "er"], "precision_mean": [0.1500000037252903, 0.11000000350177289, 0.12333333715796471, 0.12000000067055225, 0.11199999935925006, 0.20666667446494102, 0.16333333700895308, 0.15111111477017403, 0.143333338201046, 0.13733333051204683, 0.13333333730697633, 0.13333333730697633, 0.1111111119389534, 0.11666666865348815, 0.09333333671092987, 0.10000000149011612, 0.16000000312924384, 0.11333333849906921, 0.10000000149011612, 0.08399999812245369], "precision_var": [0.030500002250075386, 0.006400000563263906, 0.003566666763027515, 0.0009749999806284949, 0.0008159999784231221, 0.01106666746338211, 0.0018777777426772688, 0.001758024726826471, 0.0005111111544900515, 0.00046399991766612694, 0.026666668256123887, 0.010000000596046457, 0.004938271678524253, 0.007222222255335917, 0.004622222386466137, 0.018000000536441806, 0.008400000458955774, 0.0027111112647586456, 0.002000000059604645, 0.00142399993634224], "recall_mean": [0.1500000037252903, 0.22000000700354577, 0.37000000327825544, 0.480000002682209, 0.5600000053644181, 0.20666667446494102, 0.32666667401790617, 0.4533333480358124, 0.573333352804184, 0.6866666853427887, 0.13333333730697633, 0.26666667461395266, 0.3333333432674408, 0.4666666746139526, 0.4666666746139526, 0.10000000149011612, 0.3200000062584877, 0.3400000065565109, 0.4000000059604645, 0.4200000077486038], "recall_var": [0.030500002250075386, 0.025600002253055625, 0.03209999888539318, 0.015599999690055918, 0.020399999475479273, 0.01106666746338211, 0.007511110970709075, 0.015822223435507966, 0.008177778471840823, 0.011599998617172282, 0.026666668256123887, 0.04000000238418583, 0.044444447093539806, 0.11555555608537467, 0.11555555608537467, 0.018000000536441806, 0.033600001835823096, 0.024400001502037087, 0.03200000095367432, 0.03560000159740452], "f_score_mean": [0.1500000037252903, 0.14666667059063912, 0.18500000163912772, 0.19200000017881394, 0.18666667118668556, 0.20666667446494102, 0.21777778565883638, 0.2266666740179062, 0.22933333963155747, 0.2288888931274414, 0.13333333730697633, 0.17777777910232545, 0.1666666716337204, 0.18666667342185975, 0.1555555582046509, 0.10000000149011612, 0.21333334296941758, 0.17000000327825546, 0.1599999964237213, 0.14000000655651093], "f_score_var": [0.030500002250075386, 0.011377777971161743, 0.008024999721348295, 0.0024960000791549785, 0.002266666764020933, 0.01106666746338211, 0.0033382719222410455, 0.003955555858876992, 0.0013084448415968653, 0.0012888890266418685, 0.026666668256123887, 0.017777778042687313, 0.011111111773384951, 0.01848888954586455, 0.012839506893982135, 0.018000000536441806, 0.0149333343346914, 0.006100000375509272, 0.005119999771118167, 0.003955555878745196]}