{"n_sources": [3, 3, 3, 3, 3, 3, 3, 3, 3, 3], "top_k": [3, 6, 12, 24, 30, 3, 6, 12, 24, 30], "infection_percentage": [10, 10, 10, 10, 10, 5, 5, 5, 5, 5], "name": ["er", "er", "er", "er", "er", "er", "er", "er", "er", "er"], "precision_mean": [0.11111111442248027, 0.055555557211240135, 0.13888889054457346, 0.13888888930281004, 0.14444445073604584, 0.5555555721124014, 0.5555555621782938, 0.4999999900658925, 0.3472222189108531, 0.3333333432674408], "precision_var": [0.024691359496411002, 0.0061728398741027505, 0.006172839322207888, 0.007330246833095581, 0.0076543218964412185, 0.024691359496411006, 0.006172840977892551, 0.0046296290777348365, 0.0015432102444731379, 0.0], "recall_mean": [0.005376343925793965, 0.005376343925793965, 0.026013591947654884, 0.05379136993239323, 0.06923148718973, 0.0269957035779953, 0.05588534598549207, 0.09985112398862839, 0.13884177803993225, 0.16970073680082956], "recall_var": [5.781014801684335e-05, 5.781014801684335e-05, 0.0002525434697959382, 0.0012764797870351103, 0.0021382480651213997, 1.9021493405604422e-05, 5.5706061027896744e-05, 3.999606855290919e-05, 2.5131278772831205e-05, 0.0007470909098245118], "f_score_mean": [0.010256410265962282, 0.009803921605149904, 0.043776921927928925, 0.07747552481790383, 0.09345944970846176, 0.05144318689902624, 0.10134449601173401, 0.16590933998425803, 0.19741555054982504, 0.2236430545647939], "f_score_var": [0.00021038790308747302, 0.0001922337576798502, 0.0007004920484216456, 0.0025534696957170895, 0.0036839145011800336, 7.487017643393077e-05, 0.00016258706280551186, 9.130536296073385e-05, 5.218781560431848e-06, 0.0005376140491504008]}