{"n_sources": [10, 10, 10, 10, 10, 15, 15, 15, 15, 15, 3, 3, 3, 3, 3, 5, 5, 5, 5, 5], "top_k": [10, 20, 30, 40, 50, 15, 30, 45, 60, 75, 3, 6, 9, 12, 15, 5, 10, 15, 20, 25], "infection_percentage": [30, 30, 30, 30, 30, 30, 30, 30, 30, 30, 30, 30, 30, 30, 30, 30, 30, 30, 30, 30], "name": ["powergrid", "powergrid", "powergrid", "powergrid", "powergrid", "powergrid", "powergrid", "powergrid", "powergrid", "powergrid", "powergrid", "powergrid", "powergrid", "powergrid", "powergrid", "powergrid", "powergrid", "powergrid", "powergrid", "powergrid"], "precision_mean": [0.04666666736205419, 0.038333334028720856, 0.032222223654389384, 0.0316666675110658, 0.029999999329447746, 0.05777778079112371, 0.04222222417593002, 0.03703703843057156, 0.038888890234132605, 0.039555556451280914, 0.011111111442248026, 0.005555555721124013, 0.0037037037312984467, 0.005555555721124013, 0.006666667014360428, 0.013333333532015483, 0.010000000149011612, 0.006666667014360428, 0.010000000149011612, 0.010666666428248088], "precision_var": [0.004488889022668204, 0.0019472223079866845, 0.001072839584413136, 0.0007888889446854602, 0.0006066666395465536, 0.004958025208520314, 0.001328395171592268, 0.0007352538373326424, 0.0004876543566768564, 0.0003257284207152745, 0.003580247126979597, 0.0008950617817448992, 0.000397805218547787, 0.0004320987911871925, 0.00040000004172325237, 0.0024888889630635585, 0.0009000000268220905, 0.0004000000417232523, 0.0004000000119209289, 0.000526222198698256], "recall_mean": [0.04666666736205419, 0.07666666805744171, 0.09666666860381762, 0.1266666700442632, 0.15000000347693762, 0.05777778079112371, 0.08444444835186005, 0.11111111491918564, 0.15555556093653042, 0.19777778635422388, 0.011111111442248026, 0.011111111442248026, 0.011111111442248026, 0.022222222884496053, 0.03333333432674408, 0.013333333532015483, 0.020000000298023225, 0.020000000298023225, 0.04000000059604645, 0.05333333412806193], "recall_var": [0.004488889022668204, 0.007788889231946738, 0.009655556045307063, 0.012622223114967364, 0.0151666674911976, 0.004958025208520314, 0.005313580686369072, 0.006617284287641089, 0.007802469706829703, 0.008143210519537536, 0.003580247126979597, 0.003580247126979597, 0.003580247126979597, 0.00691358065899508, 0.010000000596046455, 0.0024888889630635585, 0.003600000107288362, 0.003600000107288362, 0.006400000190734862, 0.013155555947621666], "f_score_mean": [0.04666666736205419, 0.05111111352841059, 0.04833333430190881, 0.050666665534178416, 0.050000001986821495, 0.05777778079112371, 0.056296297907829286, 0.05555555745959282, 0.06222222236295541, 0.06592592758436998, 0.011111111442248026, 0.0074074074625968935, 0.005555555721124013, 0.008888889352480571, 0.01111111119389534, 0.013333333532015483, 0.013333334028720856, 0.010000000149011612, 0.015999999642372132, 0.017777778704961143], "f_score_var": [0.004488889022668204, 0.0034617286821942345, 0.0024138890113267657, 0.002019555465274388, 0.0016851852988755294, 0.004958025208520314, 0.0023615913734841617, 0.0016543210719102723, 0.0012483950736198923, 0.0009048011247472354, 0.003580247126979597, 0.001591220874191148, 0.0008950617817448992, 0.0011061729548889937, 0.001111111127667957, 0.0024888889630635585, 0.0016000001668930093, 0.0009000000268220905, 0.001023999954223633, 0.0014617285475318857]}