{"n_sources": [10, 10, 10, 10, 10, 15, 15, 15, 15, 15, 3, 3, 3, 3, 3, 5, 5, 5, 5, 5], "top_k": [10, 20, 30, 40, 50, 15, 30, 45, 60, 75, 3, 6, 9, 12, 15, 5, 10, 15, 20, 25], "infection_percentage": [30, 30, 30, 30, 30, 30, 30, 30, 30, 30, 30, 30, 30, 30, 30, 30, 30, 30, 30, 30], "name": ["facebookego", "facebookego", "facebookego", "facebookego", "facebookego", "facebookego", "facebookego", "facebookego", "facebookego", "facebookego", "facebookego", "facebookego", "facebookego", "facebookego", "facebookego", "facebookego", "facebookego", "facebookego", "facebookego", "facebookego"], "precision_mean": [0.05000000074505806, 0.04000000059604645, 0.03555555703739325, 0.029166667287548385, 0.028666666025916734, 0.12666667078932126, 0.08777778012057146, 0.07333333579202493, 0.06222222397724787, 0.057333334100743136, 0.044444445768992105, 0.038888890047868094, 0.03333333358168602, 0.030555556466182073, 0.026666668057441712, 0.033333333830038704, 0.04666666736205419, 0.03777777949968974, 0.028333333879709245, 0.02666666607062022], "precision_var": [0.0025000000745058065, 0.0014000000417232514, 0.001032098825073538, 0.0005451389222095416, 0.0004182222035262324, 0.008992592901432962, 0.003591358145979455, 0.0016839507283619931, 0.0007580246992317257, 0.0005351111155019896, 0.012839506938133717, 0.004969136098652715, 0.0025925926312252334, 0.0016126544171093432, 0.0010666667779286735, 0.005555555721124014, 0.004488889022668204, 0.002869136021166677, 0.0016138889672027705, 0.00110222217294905], "recall_mean": [0.05000000074505806, 0.0800000011920929, 0.10666666900118192, 0.11666666915019354, 0.14333333571751913, 0.12666667078932126, 0.1755555602411429, 0.2200000062584877, 0.2488888959089915, 0.2866666736702124, 0.044444445768992105, 0.07777778009573619, 0.10000000298023223, 0.12222222586472829, 0.13333333730697633, 0.033333333830038704, 0.09333333472410837, 0.11333333551883698, 0.11333333551883698, 0.1333333358168602], "recall_var": [0.0025000000745058065, 0.0056000001668930054, 0.009288889453808478, 0.008722222755352666, 0.010455555944972574, 0.008992592901432962, 0.01436543258391782, 0.015155555954244422, 0.012128395187707612, 0.013377777702940852, 0.012839506938133717, 0.01987654439461086, 0.023333334724108392, 0.02580247067374949, 0.02666666825612388, 0.005555555721124014, 0.017955556090672817, 0.02582222347524433, 0.02582222347524433, 0.027555556840366813], "f_score_mean": [0.05000000074505806, 0.053333336114883424, 0.05333333450059096, 0.04666666562358538, 0.04777778014540672, 0.12666667078932126, 0.11703704111278057, 0.11000000312924385, 0.09955555672446886, 0.09555555849025647, 0.044444445768992105, 0.05185185223817825, 0.05000000149011612, 0.04888889143864314, 0.04444444477558136, 0.033333333830038704, 0.062222225467363994, 0.05666666775941849, 0.04533333232005437, 0.04444444651405017], "f_score_var": [0.0025000000745058065, 0.002488889148500238, 0.0023222223634521196, 0.0013955554931693616, 0.0011617285032699165, 0.008992592901432962, 0.006384636882164199, 0.0037888889885611056, 0.0019405432464576166, 0.0014864198609450768, 0.012839506938133717, 0.00883401933602672, 0.005833333681027098, 0.0041283954923535685, 0.0029629630071145523, 0.005555555721124014, 0.00798024774598489, 0.006455555868811082, 0.0041315553708606316, 0.0030617286371596116]}