{"n_sources": [10, 10, 10, 10, 10, 15, 15, 15, 15, 15, 3, 3, 3, 3, 3, 5, 5, 5, 5, 5], "top_k": [10, 20, 30, 40, 50, 15, 30, 45, 60, 75, 3, 6, 9, 12, 15, 5, 10, 15, 20, 25], "infection_percentage": [30, 30, 30, 30, 30, 30, 30, 30, 30, 30, 30, 30, 30, 30, 30, 30, 30, 30, 30, 30], "name": ["powergrid", "powergrid", "powergrid", "powergrid", "powergrid", "powergrid", "powergrid", "powergrid", "powergrid", "powergrid", "powergrid", "powergrid", "powergrid", "powergrid", "powergrid", "powergrid", "powergrid", "powergrid", "powergrid", "powergrid"], "precision_mean": [0.023333333681027094, 0.03500000052154064, 0.031111112733681997, 0.030000000447034835, 0.02666666607062022, 0.046666669100522994, 0.04222222417593002, 0.03555555660277605, 0.03333333457509677, 0.032000000153978664, 0.0, 0.0, 0.0, 0.0, 0.002222222338120143, 0.04000000059604645, 0.030000000447034835, 0.020000001043081285, 0.015000000223517418, 0.011999999731779098], "precision_var": [0.0017888889422019328, 0.0010250000305473807, 0.00043950621868357346, 0.0003083333425223828, 0.00024888887776268866, 0.0024148150666996344, 0.0008098765989880518, 0.00044773665878753213, 0.0003148148310957138, 0.0002204444451861918, 0.0, 0.0, 0.0, 0.0, 0.0001432098914811645, 0.006400000190734863, 0.002766666749119759, 0.001229629757889998, 0.0006916666872799397, 0.0004426666468779248], "recall_mean": [0.023333333681027094, 0.07000000104308128, 0.09333333472410837, 0.12000000178813934, 0.1333333358168602, 0.046666669100522994, 0.08444444835186005, 0.10666667148470879, 0.13333333830038707, 0.1600000058611234, 0.0, 0.0, 0.0, 0.0, 0.011111111442248026, 0.04000000059604645, 0.06000000089406967, 0.06000000089406967, 0.06000000089406967, 0.06000000089406967], "recall_var": [0.0017888889422019328, 0.004100000122189523, 0.003955555673440299, 0.004933333480358125, 0.00622222257322736, 0.0024148150666996344, 0.0032395063959522073, 0.004029629910875259, 0.005037037297531421, 0.005511111487282663, 0.0, 0.0, 0.0, 0.0, 0.003580247126979597, 0.006400000190734863, 0.011066666996479036, 0.011066666996479036, 0.011066666996479036, 0.011066666996479036], "f_score_mean": [0.023333333681027094, 0.046666669100522994, 0.04666666736205419, 0.04799999892711639, 0.04444444651405017, 0.046666669100522994, 0.056296297907829286, 0.053333335742354396, 0.053333333631356554, 0.05333333524564902, 0.0, 0.0, 0.0, 0.0, 0.0037037037312984467, 0.04000000059604645, 0.04000000208616257, 0.030000000447034835, 0.023999999463558196, 0.020000001043081285], "f_score_var": [0.0017888889422019328, 0.0018222224122948166, 0.0009888889183600747, 0.000789333298047384, 0.0006913580692108778, 0.0024148150666996344, 0.0014397806292535213, 0.0010074074777188147, 0.0008059259119740256, 0.0006123457252243433, 0.0, 0.0, 0.0, 0.0, 0.000397805218547787, 0.006400000190734863, 0.004918519031559992, 0.002766666749119759, 0.0017706665875116992, 0.001229629757889998]}