{"n_sources": [1, 1, 1, 1, 1, 3, 3, 3, 3, 3, 5, 5, 5, 5, 5, 7, 7, 7, 7, 7, 3, 3, 3, 3, 3, 3, 3, 3, 3, 3, 3, 3, 3, 3, 3, 10, 10, 10, 10, 10, 15, 15, 15, 15, 15, 20, 20, 20, 20, 20], "top_k": [1, 2, 5, 7, 10, 3, 6, 12, 24, 30, 5, 10, 20, 40, 50, 7, 14, 28, 56, 70, 3, 6, 12, 24, 30, 3, 6, 12, 24, 30, 3, 6, 12, 24, 30, 10, 20, 40, 80, 100, 15, 30, 60, 120, 150, 20, 40, 80, 160, 200], "precision_mean": [0.1, 0.1, 0.0800000011920929, 0.08571428954601287, 0.06000000089406967, 0.20000000596046447, 0.18333333879709243, 0.11666667014360428, 0.07916666865348816, 0.0833333358168602, 0.14000000208616256, 0.16000000312924384, 0.10500000230967999, 0.09000000171363354, 0.08199999928474426, 0.2142857238650322, 0.17857143357396127, 0.1357142895460129, 0.0928571444004774, 0.08428571633994579, 0.10000000298023223, 0.10000000298023223, 0.06666666865348816, 0.06666666865348816, 0.05666666962206364, 0.03333333432674408, 0.06666666865348816, 0.06666666865348816, 0.05000000149011612, 0.04333333559334278, 0.20000000596046447, 0.13333333730697633, 0.0833333358168602, 0.06666666828095913, 0.056666669249534604, 0.010000000149011612, 0.05000000074505806, 0.06250000130385161, 0.06125000100582838, 0.05799999963492155, 0.14666667208075523, 0.14000000432133675, 0.11500000357627868, 0.09000000208616257, 0.0819999985396862, 0.16500000543892385, 0.14000000134110452, 0.12249999865889549, 0.096875, 0.09150000065565109], "recall_mean": [0.1, 0.2, 0.4, 0.6, 0.6, 0.20000000596046447, 0.36666667759418486, 0.4666666805744171, 0.6333333492279053, 0.8333333432674408, 0.14000000208616256, 0.3200000062584877, 0.42000000923871994, 0.7200000137090683, 0.8200000107288361, 0.2142857238650322, 0.35714286714792254, 0.5428571581840516, 0.7428571552038192, 0.842857152223587, 0.10000000298023223, 0.20000000596046447, 0.26666667461395266, 0.5333333492279053, 0.5666666835546493, 0.03333333432674408, 0.13333333730697633, 0.26666667461395266, 0.40000001192092893, 0.43333334624767306, 0.20000000596046447, 0.26666667461395266, 0.3333333432674408, 0.533333346247673, 0.5666666805744172, 0.010000000149011612, 0.10000000149011612, 0.25000000521540644, 0.490000008046627, 0.5800000041723251, 0.14666667208075523, 0.2800000086426735, 0.4600000143051147, 0.7200000166893006, 0.8200000107288361, 0.16500000543892385, 0.28000000268220904, 0.48999999463558197, 0.775, 0.9149999976158142], "infection_percentage": [5, 5, 5, 5, 5, 5, 5, 5, 5, 5, 5, 5, 5, 5, 5, 5, 5, 5, 5, 5, 10, 10, 10, 10, 10, 15, 15, 15, 15, 15, 20, 20, 20, 20, 20, 15, 15, 15, 15, 15, 15, 15, 15, 15, 15, 15, 15, 15, 15, 15], "f_score_mean": [0.1, 0.13333333730697633, 0.13333332538604736, 0.15, 0.10909091234207154, 0.20000000596046447, 0.24444446265697478, 0.18666667640209197, 0.14074075371026992, 0.1515151597559452, 0.14000001251697541, 0.21333334296941758, 0.1680000104010105, 0.16000000461935998, 0.14909091591835022, 0.2142857238650322, 0.23809524551033973, 0.21714286208152772, 0.1650793619453907, 0.15324676036834717, 0.10000000298023223, 0.13333334326744078, 0.10666667222976685, 0.11851853132247925, 0.10303031243383884, 0.03333333432674408, 0.0888888955116272, 0.10666667222976685, 0.08888889849185944, 0.07878788597881795, 0.20000000596046447, 0.1777777910232544, 0.13333334028720856, 0.11851852908730506, 0.10303031131625176, 0.010000000894069671, 0.06666667014360428, 0.10000000633299351, 0.10888889245688915, 0.10545454695820808, 0.1466666765511036, 0.18666667565703393, 0.18400000780820847, 0.16000000536441802, 0.14909091740846633, 0.1650000087916851, 0.18666667342185975, 0.19599999487400055, 0.17222222238779067, 0.1663636416196823]}