{"n_sources": [3, 3, 3, 3, 3, 3, 3, 3, 3, 3], "top_k": [3, 6, 12, 24, 30, 3, 6, 12, 24, 30], "infection_percentage": [10, 10, 10, 10, 10, 5, 5, 5, 5, 5], "name": ["er", "er", "er", "er", "er", "er", "er", "er", "er", "er"], "precision_mean": [0.0, 0.0, 0.027777778605620067, 0.027777778605620067, 0.03333333507180214, 0.11111111442248027, 0.11111111442248027, 0.13888889302810034, 0.0833333358168602, 0.06666667014360428], "precision_var": [0.0, 0.0, 0.0015432099685256876, 0.0015432099685256876, 0.000740740818006023, 0.024691359496411002, 0.0061728398741027505, 0.0015432099685256878, 0.0, 0.0], "recall_mean": [0.0, 0.0, 0.11111111442248027, 0.22222222884496054, 0.3333333432674408, 0.11111111442248027, 0.22222222884496054, 0.5555555721124014, 0.6666666865348816, 0.6666666865348816], "recall_var": [0.0, 0.0, 0.024691359496411002, 0.09876543798564401, 0.07407407848923302, 0.024691359496411002, 0.024691359496411002, 0.024691359496411006, 0.0, 0.0], "f_score_mean": [0.0, 0.0, 0.044444446762402855, 0.04938271641731262, 0.06060606241226196, 0.11111111442248027, 0.14814814925193787, 0.22222223381201425, 0.14814814925193787, 0.12121212482452393], "f_score_var": [0.0, 0.0, 0.003950617696032122, 0.004877305361505435, 0.0024487298674126614, 0.024691359496411002, 0.010973937063387229, 0.003950617696032123, 0.0, 0.0]}