{"n_sources": [10, 10, 10, 10, 10, 15, 15, 15, 15, 15, 3, 3, 3, 3, 3, 5, 5, 5, 5, 5], "top_k": [10, 20, 30, 40, 50, 15, 30, 45, 60, 75, 3, 6, 9, 12, 15, 5, 10, 15, 20, 25], "infection_percentage": [10, 10, 10, 10, 10, 10, 10, 10, 10, 10, 10, 10, 10, 10, 10, 10, 10, 10, 10, 10], "name": ["er", "er", "er", "er", "er", "er", "er", "er", "er", "er", "er", "er", "er", "er", "er", "er", "er", "er", "er", "er"], "precision_mean": [0.14000000134110452, 0.1300000037997961, 0.13333333767950534, 0.11500000096857547, 0.10800000056624412, 0.15333333909511565, 0.14666667059063912, 0.12888889238238335, 0.12666667103767396, 0.125333334505558, 0.1666666716337204, 0.15000000447034836, 0.1111111119389534, 0.10000000223517418, 0.09333333671092987, 0.14000000208616256, 0.13000000193715094, 0.126666671782732, 0.1100000023841858, 0.09199999794363975], "precision_var": [0.022400000131130218, 0.0061000004798174015, 0.0024444444759024577, 0.00114999996349216, 0.000896000120878227, 0.008044444876246993, 0.002488888900147546, 0.0014617284857196605, 0.0011222222970591702, 0.0008604444165759807, 0.02777777943346238, 0.00805555603570409, 0.004938271678524253, 0.005277777868840433, 0.0037333334048589096, 0.01640000048875809, 0.006100000181794168, 0.0030666667679945686, 0.002400000131130222, 0.0009759999563694005], "recall_mean": [0.14000000134110452, 0.2600000075995922, 0.4000000037252903, 0.4600000038743019, 0.5400000005960465, 0.15333333909511565, 0.29333334118127824, 0.3866666778922081, 0.5066666841506958, 0.6266666799783707, 0.1666666716337204, 0.3000000089406967, 0.3333333432674408, 0.4000000089406967, 0.4666666746139526, 0.14000000208616256, 0.2600000038743019, 0.38000000864267347, 0.4400000095367432, 0.4600000098347664], "recall_var": [0.022400000131130218, 0.024400001919269606, 0.02199999871850018, 0.01839999941587456, 0.02239999768733992, 0.008044444876246993, 0.009955555600590185, 0.013155556292004145, 0.017955556752946723, 0.021511111805174156, 0.02777777943346238, 0.03222222414281636, 0.044444447093539806, 0.08444444590144692, 0.09333333253860476, 0.01640000048875809, 0.02440000072717667, 0.027600002133846353, 0.03840000209808355, 0.024400001561641748], "f_score_mean": [0.14000000134110452, 0.17333333864808081, 0.20000000186264516, 0.1839999996125698, 0.18000000566244126, 0.15333333909511565, 0.19555556178092956, 0.19333333894610405, 0.20266667008399963, 0.2088888943195343, 0.1666666716337204, 0.20000000149011612, 0.1666666716337204, 0.16000000685453414, 0.1555555582046509, 0.14000000208616256, 0.1733333423733711, 0.19000000432133674, 0.17599999606609346, 0.15333333984017372], "f_score_var": [0.022400000131130218, 0.010844444780879564, 0.005499999679625045, 0.0029440001068115336, 0.0024888889498180886, 0.008044444876246993, 0.004424691784234722, 0.0032888890730010363, 0.0028728885591295496, 0.002390123582474999, 0.02777777943346238, 0.014320987867720333, 0.011111111773384951, 0.013511111805174105, 0.01037037105472001, 0.01640000048875809, 0.010844445575608177, 0.006900000533461588, 0.0061439997253418, 0.0027111112548245412]}