{"n_sources": [10, 10, 10, 10, 10, 15, 15, 15, 15, 15, 3, 3, 3, 3, 3, 5, 5, 5, 5, 5], "top_k": [10, 20, 40, 80, 100, 15, 30, 60, 120, 150, 3, 6, 12, 24, 30, 5, 10, 20, 40, 50], "infection_percentage": [30, 30, 30, 30, 30, 30, 30, 30, 30, 30, 30, 30, 30, 30, 30, 30, 30, 30, 30, 30], "name": ["facebookego", "facebookego", "facebookego", "facebookego", "facebookego", "facebookego", "facebookego", "facebookego", "facebookego", "facebookego", "facebookego", "facebookego", "facebookego", "facebookego", "facebookego", "facebookego", "facebookego", "facebookego", "facebookego", "facebookego"], "precision_mean": [0.20000000149011612, 0.23000000268220902, 0.27249999791383744, 0.31249999552965163, 0.32300000339746476, 0.366666679084301, 0.3200000051409006, 0.3200000047683716, 0.27999999523162844, 0.26333333402872083, 0.0, 0.01666666716337204, 0.01666666716337204, 0.01250000037252903, 0.030000001192092896, 0.14000000506639482, 0.1100000023841858, 0.14000000134110452, 0.16749999895691872, 0.1719999998807907], "precision_var": [0.03200000005960465, 0.031600000241398876, 0.02918124793320902, 0.025374998912215303, 0.026780998996138682, 0.03311111342244689, 0.019822222069568123, 0.00848888950612813, 0.011780554876393765, 0.013504444426033244, 0.0, 0.0025000001490116143, 0.0011111111773384956, 0.0003645833550641937, 0.0021000001668930097, 0.056400004422664726, 0.020900000905990614, 0.011899999818205846, 0.004506249932199725, 0.007696000222206144], "recall_mean": [0.004684544145129621, 0.011671495833434164, 0.030047602020204067, 0.06553168781101704, 0.08407608866691589, 0.010194929339922965, 0.018493674136698245, 0.04001076426357031, 0.06530060917139054, 0.07530181854963303, 0.0, 0.0006024096161127091, 0.0010139322374016046, 0.0016590935178101064, 0.0041181511711329225, 0.005348570749629289, 0.00808869528118521, 0.019271695241332053, 0.036546097788959744, 0.044000303652137515], "recall_var": [1.1120734871629828e-05, 7.821314951387969e-05, 0.0005082512993578635, 0.0005681561889754945, 0.0006697953482401591, 2.021572349180331e-05, 6.900936721278893e-05, 0.00023118722480314024, 0.0002571488851250076, 0.00035861404673879496, 0.0, 3.2660761102655524e-06, 4.294423552133228e-06, 6.732221610719312e-06, 3.292202646295108e-05, 0.00012069745816486709, 0.00015262699582311285, 0.00040291519415342934, 0.0005061750316751005, 0.0007496096023151287], "f_score_mean": [0.009136309707537293, 0.022110309172421693, 0.05356988087296486, 0.10656392797827721, 0.13094643726944924, 0.0197964021936059, 0.03480401081033051, 0.07028687819838524, 0.10410566106438637, 0.11491750106215477, 0.0, 0.0011627906933426857, 0.0019079092890024185, 0.0029190137051045895, 0.007213710341602564, 0.010222674580290914, 0.014824744034558534, 0.033087878534570334, 0.057289193384349346, 0.06630091052502393], "f_score_var": [4.289425866211317e-05, 0.00027714408199856105, 0.001511827377968964, 0.0015366479650992671, 0.0018609363270605365, 7.58684483545673e-05, 0.00023561820163481366, 0.0005861655594713711, 0.0006202867867350697, 0.0009436478607773796, 0.0, 1.2168739768719274e-05, 1.5136031933563228e-05, 2.065466042332356e-05, 0.00010353799290300177, 0.0004370981730959984, 0.0005075879664131047, 0.0011287858452286713, 0.0010120181290748868, 0.001443825390149367]}