{"n_sources": [10, 10, 10, 10, 10], "top_k": [10, 20, 40, 80, 100], "precision_mean": [0.14000000208616256, 0.10500000305473804, 0.0800000011920929, 0.06375000141561031, 0.06099999975413084], "recall_mean": [0.14000000208616256, 0.21000000610947608, 0.3200000047683716, 0.5100000113248825, 0.6100000023841858], "infection_percentage": [10, 10, 10, 10, 10], "f_score_mean": [0.14000000208616256, 0.14000000432133675, 0.12799999862909317, 0.11333333849906921, 0.11090909019112587]}