{"n_sources": [1, 1, 1, 1, 1, 3, 3, 3, 3, 3, 5, 5, 5, 5, 5, 7, 7, 7, 7, 7, 3, 3, 3, 3, 3, 3, 3, 3, 3, 3, 3, 3, 3, 3, 3], "top_k": [1, 2, 5, 7, 10, 3, 6, 12, 24, 30, 5, 10, 20, 40, 50, 7, 14, 28, 56, 70, 3, 6, 12, 24, 30, 3, 6, 12, 24, 30, 3, 6, 12, 24, 30], "precision_mean": [0.5, 0.3, 0.14000000208616256, 0.10000000447034836, 0.0900000013411045, 0.3333333432674408, 0.20000000596046447, 0.11666666939854622, 0.08750000186264514, 0.0766666691750288, 0.12000000178813934, 0.10000000149011612, 0.13000000342726709, 0.09500000141561031, 0.09200000055134297, 0.20000000447034835, 0.20000000521540642, 0.13928571715950966, 0.10714285783469676, 0.09571428708732128, 0.20000000596046447, 0.13333333730697633, 0.12500000298023223, 0.07916666828095913, 0.07000000216066837, 0.10000000298023223, 0.10000000298023223, 0.09166666939854622, 0.06250000111758709, 0.06666666939854622, 0.0, 0.0, 0.02500000074505806, 0.03333333432674408, 0.030000001192092896], "recall_mean": [0.5, 0.6, 0.7, 0.7, 0.9, 0.3333333432674408, 0.40000001192092893, 0.4666666775941849, 0.7000000149011611, 0.7666666775941848, 0.12000000178813934, 0.20000000298023224, 0.5200000137090683, 0.7600000113248825, 0.9200000047683716, 0.20000000447034835, 0.40000001043081285, 0.5571428686380386, 0.8571428626775741, 0.9571428596973419, 0.20000000596046447, 0.26666667461395266, 0.5000000119209289, 0.633333346247673, 0.7000000089406967, 0.10000000298023223, 0.20000000596046447, 0.36666667759418486, 0.5000000089406967, 0.6666666805744171, 0.0, 0.0, 0.10000000298023223, 0.26666667461395266, 0.3000000059604645], "infection_percentage": [5, 5, 5, 5, 5, 5, 5, 5, 5, 5, 5, 5, 5, 5, 5, 5, 5, 5, 5, 5, 10, 10, 10, 10, 10, 15, 15, 15, 15, 15, 20, 20, 20, 20, 20], "f_score_mean": [0.5, 0.40000001192092893, 0.23333331942558289, 0.175, 0.1636363685131073, 0.3333333432674408, 0.26666668653488157, 0.18666667491197586, 0.15555556789040564, 0.13939394764602184, 0.12000001072883607, 0.13333334028720856, 0.20800001174211502, 0.1688888929784298, 0.16727273315191268, 0.20000000447034835, 0.26666667237877845, 0.22285714894533157, 0.19047619104385377, 0.17402597963809968, 0.20000000596046447, 0.1777777910232544, 0.20000000894069672, 0.14074075147509574, 0.1272727344185114, 0.10000000298023223, 0.13333334326744078, 0.14666667431592942, 0.11111111864447594, 0.12121213003993034, 0.0, 0.0, 0.04000000208616257, 0.059259265661239624, 0.054545458406209946]}