{"n_sources": [1, 1, 1, 1, 1, 3, 3, 3, 3, 3, 5, 5, 5, 5, 5, 7, 7, 7, 7, 7, 3, 3, 3, 3, 3, 3, 3, 3, 3, 3, 3, 3, 3, 3, 3, 10, 10, 10, 10, 10, 15, 15, 15, 15, 15, 20, 20, 20, 20, 20], "top_k": [1, 2, 5, 7, 10, 3, 6, 12, 24, 30, 5, 10, 20, 40, 50, 7, 14, 28, 56, 70, 3, 6, 12, 24, 30, 3, 6, 12, 24, 30, 3, 6, 12, 24, 30, 10, 20, 40, 80, 100, 15, 30, 60, 120, 150, 20, 40, 80, 160, 200], "precision_mean": [0.3, 0.25, 0.1600000023841858, 0.12857143431901932, 0.0900000013411045, 0.20000000596046447, 0.20000000447034835, 0.12500000298023223, 0.09583333432674408, 0.08333333544433116, 0.12000000178813934, 0.1900000035762787, 0.14000000320374967, 0.10000000149011612, 0.09000000022351742, 0.2000000074505806, 0.19285714849829674, 0.13928571864962577, 0.10357142947614192, 0.0885714303702116, 0.20000000596046447, 0.1666666716337204, 0.10000000223517418, 0.07500000186264515, 0.06666666902601719, 0.26666667461395266, 0.15000000447034836, 0.10000000223517418, 0.05833333469927311, 0.05000000223517418, 0.10000000298023223, 0.05000000149011612, 0.0416666679084301, 0.0416666679084301, 0.03333333507180214, 0.1200000025331974, 0.10500000230967999, 0.0925000011920929, 0.07374999970197678, 0.06999999992549419, 0.16000000685453414, 0.14333333894610406, 0.12166667059063911, 0.09583333507180214, 0.08266666606068611, 0.20000000447034835, 0.175, 0.12250000089406968, 0.10187500044703483, 0.0940000019967556], "recall_mean": [0.3, 0.5, 0.8, 0.9, 0.9, 0.20000000596046447, 0.4000000089406967, 0.5000000119209289, 0.7666666746139527, 0.8333333402872085, 0.12000000178813934, 0.3800000071525574, 0.5600000128149987, 0.800000011920929, 0.9000000059604645, 0.2000000074505806, 0.3857142969965935, 0.5571428745985031, 0.8285714358091354, 0.8857142895460128, 0.20000000596046447, 0.3333333432674408, 0.4000000089406967, 0.6000000149011612, 0.6666666775941849, 0.26666667461395266, 0.3000000089406967, 0.4000000089406967, 0.4666666775941849, 0.5000000119209289, 0.10000000298023223, 0.10000000298023223, 0.1666666716337204, 0.3333333432674408, 0.3333333432674408, 0.1200000025331974, 0.21000000461935997, 0.3700000047683716, 0.5899999976158142, 0.7000000029802322, 0.16000000685453414, 0.2866666778922081, 0.48666668236255645, 0.7666666805744171, 0.8266666769981384, 0.20000000447034835, 0.35, 0.4900000035762787, 0.8150000035762787, 0.9399999856948853], "infection_percentage": [5, 5, 5, 5, 5, 5, 5, 5, 5, 5, 5, 5, 5, 5, 5, 5, 5, 5, 5, 5, 10, 10, 10, 10, 10, 15, 15, 15, 15, 15, 20, 20, 20, 20, 20, 15, 15, 15, 15, 15, 15, 15, 15, 15, 15, 15, 15, 15, 15, 15], "f_score_mean": [0.3, 0.3333333432674408, 0.2666666507720947, 0.225, 0.1636363685131073, 0.20000000596046447, 0.26666668355464934, 0.20000000894069672, 0.17037037760019302, 0.15151515863835813, 0.12000001072883607, 0.25333334505558014, 0.2240000106394291, 0.17777778208255768, 0.16363637000322342, 0.2000000074505806, 0.25714286491274835, 0.22285714596509934, 0.18412698581814765, 0.16103896871209145, 0.20000000596046447, 0.222222238779068, 0.16000000685453414, 0.13333334550261497, 0.12121212892234326, 0.26666667461395266, 0.2000000149011612, 0.16000000685453414, 0.10370371267199516, 0.0909090980887413, 0.10000000298023223, 0.06666667163372039, 0.06666667014360428, 0.07407408207654953, 0.06060606613755226, 0.12000000923871994, 0.14000000581145286, 0.148000006377697, 0.13111111521720886, 0.127272729575634, 0.1600000098347664, 0.19111112058162688, 0.19466667920351027, 0.17037037312984465, 0.15030303969979286, 0.20000001192092895, 0.23333334177732468, 0.19600000232458115, 0.18111111223697662, 0.1709090918302536]}