{"n_sources": [10, 10, 10, 10, 10], "top_k": [10, 20, 40, 80, 100], "precision_mean": [0.10000000149011612, 0.10500000230967999, 0.0900000013411045, 0.06875000037252903, 0.06400000005960464], "recall_mean": [0.10000000149011612, 0.21000000461935997, 0.360000005364418, 0.5500000029802322, 0.6400000005960464], "infection_percentage": [10, 10, 10, 10, 10], "f_score_mean": [0.10000000149011612, 0.14000000581145286, 0.14399999901652336, 0.12222222611308098, 0.11636363491415977]}