{"n_sources": [1, 1, 1, 1, 1, 3, 3, 3, 3, 3, 5, 5, 5, 5, 5, 7, 7, 7, 7, 7, 3, 3, 3, 3, 3, 3, 3, 3, 3, 3, 3, 3, 3, 3, 3], "top_k": [1, 2, 5, 7, 10, 3, 6, 12, 24, 30, 5, 10, 20, 40, 50, 7, 14, 28, 56, 70, 3, 6, 12, 24, 30, 3, 6, 12, 24, 30, 3, 6, 12, 24, 30], "precision_mean": [0.5, 0.45, 0.38000000864267347, 0.34285715222358704, 0.28000000715255735, 0.3000000089406967, 0.31666667461395265, 0.3416666679084301, 0.28333333432674407, 0.27333333939313886, 0.46000001281499864, 0.42000000849366187, 0.40999999940395354, 0.36249999701976776, 0.3340000003576279, 0.45714286863803866, 0.4857142925262451, 0.4142857104539871, 0.34821428954601286, 0.365714293718338, 0.4333333432674408, 0.41666667312383654, 0.3583333343267441, 0.27083333432674406, 0.2433333396911621, 0.36666667759418486, 0.28333333879709244, 0.24166667014360427, 0.21249999925494195, 0.21000000610947608, 0.23333334028720856, 0.21666667312383653, 0.1833333358168602, 0.13750000335276127, 0.126666671410203], "recall_mean": [0.3, 0.38333333730697633, 0.7166666686534882, 0.7666666686534882, 0.8, 0.22333333492279053, 0.423333340883255, 0.6451587408781052, 0.8317063510417938, 0.9037265539169311, 0.3172619089484215, 0.48621573597192763, 0.7709304690361023, 0.883068037033081, 0.9170941829681396, 0.3677777826786041, 0.5888528257608414, 0.7428489744663238, 0.883288711309433, 0.9514836728572845, 0.3100000023841858, 0.49809524714946746, 0.6578571528196335, 0.7823412775993347, 0.8246031820774078, 0.263333335518837, 0.36333333849906924, 0.5223809599876403, 0.6755158871412277, 0.7294733166694641, 0.16500000059604644, 0.29333333671092987, 0.4716666728258133, 0.5764285862445832, 0.6034523904323578], "infection_percentage": [5, 5, 5, 5, 5, 5, 5, 5, 5, 5, 5, 5, 5, 5, 5, 5, 5, 5, 5, 5, 10, 10, 10, 10, 10, 15, 15, 15, 15, 15, 20, 20, 20, 20, 20], "f_score_mean": [0.36666667461395264, 0.41000000238418577, 0.4888889044523239, 0.4649494975805283, 0.40393773913383485, 0.2547618955373764, 0.3583838492631912, 0.44106640070676806, 0.4205505967140198, 0.41734016835689547, 0.37424243092536924, 0.44681460559368136, 0.5315811574459076, 0.5112827003002167, 0.4875117242336273, 0.4070588231086731, 0.5306794226169587, 0.5312124788761139, 0.49825080931186677, 0.5264126479625701, 0.3607142686843872, 0.4470240920782089, 0.4571080893278122, 0.39844597578048707, 0.3731494635343552, 0.3047618955373764, 0.315858593583107, 0.3286807805299759, 0.3207190379500389, 0.3232532531023026, 0.1928571343421936, 0.2476767748594284, 0.26171569526195526, 0.22029657885432244, 0.208290184289217]}