{"n_sources": [1, 1, 1, 1, 1, 3, 3, 3, 3, 3, 5, 5, 5, 5, 5, 7, 7, 7, 7, 7, 3, 3, 3, 3, 3, 3, 3, 3, 3, 3, 3, 3, 3, 3, 3], "top_k": [1, 2, 5, 7, 10, 3, 6, 12, 24, 30, 5, 10, 20, 40, 50, 7, 14, 28, 56, 70, 3, 6, 12, 24, 30, 3, 6, 12, 24, 30, 3, 6, 12, 24, 30], "precision_mean": [0.1, 0.05, 0.10000000149011612, 0.0714285746216774, 0.06000000089406967, 0.06666666865348816, 0.10000000298023223, 0.0833333358168602, 0.07083333507180214, 0.07333333604037762, 0.0800000011920929, 0.0900000013411045, 0.12500000186264515, 0.0800000011920929, 0.07199999913573266, 0.21428572237491608, 0.1642857201397419, 0.107142860814929, 0.08035714514553546, 0.08285714499652386, 0.1666666716337204, 0.15000000447034836, 0.0833333358168602, 0.05833333469927311, 0.053333335742354396, 0.03333333432674408, 0.06666666865348816, 0.0416666679084301, 0.03333333395421505, 0.030000001192092896, 0.0, 0.03333333432674408, 0.0416666679084301, 0.02500000074505806, 0.020000001043081285], "recall_mean": [0.1, 0.1, 0.5, 0.5, 0.6, 0.06666666865348816, 0.20000000596046447, 0.3333333432674408, 0.5666666805744172, 0.733333346247673, 0.0800000011920929, 0.180000002682209, 0.5000000074505806, 0.6400000095367432, 0.7200000137090683, 0.21428572237491608, 0.3285714402794838, 0.428571443259716, 0.6428571611642837, 0.8285714387893677, 0.1666666716337204, 0.3000000089406967, 0.3333333432674408, 0.4666666775941849, 0.533333346247673, 0.03333333432674408, 0.13333333730697633, 0.1666666716337204, 0.2666666716337204, 0.3000000059604645, 0.0, 0.06666666865348816, 0.1666666716337204, 0.20000000596046447, 0.20000000596046447], "infection_percentage": [5, 5, 5, 5, 5, 5, 5, 5, 5, 5, 5, 5, 5, 5, 5, 5, 5, 5, 5, 5, 10, 10, 10, 10, 10, 15, 15, 15, 15, 15, 20, 20, 20, 20, 20], "f_score_mean": [0.1, 0.06666666865348816, 0.1666666567325592, 0.125, 0.10909091234207154, 0.06666666865348816, 0.13333334326744078, 0.13333334028720856, 0.12592593729496002, 0.1333333421498537, 0.08000000715255737, 0.1200000062584877, 0.20000001415610313, 0.14222222566604614, 0.1309090957045555, 0.21428572237491608, 0.21904762461781502, 0.17142857536673545, 0.1428571365773678, 0.15064935833215715, 0.1666666716337204, 0.2000000149011612, 0.13333334028720856, 0.10370371267199516, 0.09696970470249652, 0.03333333432674408, 0.0888888955116272, 0.06666667014360428, 0.059259263426065446, 0.054545458406209946, 0.0, 0.0444444477558136, 0.06666667014360428, 0.04444444924592972, 0.036363639682531354]}