{"n_sources": [10, 10, 10, 10, 10], "top_k": [10, 20, 40, 80, 100], "precision_mean": [0.26000000685453417, 0.27000000327825546, 0.2300000011920929, 0.18499999940395356, 0.18400000035762787], "recall_mean": [0.07374141104519367, 0.15531385838985443, 0.2621698424220085, 0.42597627341747285, 0.5266030669212342], "infection_percentage": [10, 10, 10, 10, 10], "f_score_mean": [0.11462939754128457, 0.19652548283338547, 0.24401601850986482, 0.257080540060997, 0.27186052352190015]}