{"n_sources": [3, 3, 3, 3, 3, 10, 10, 10, 10, 10, 15, 15, 15, 15, 15, 20, 20, 20, 20, 20], "top_k": [3, 6, 12, 24, 30, 10, 20, 40, 80, 100, 15, 30, 60, 120, 150, 20, 40, 80, 160, 200], "precision_mean": [0.10000000298023223, 0.05000000149011612, 0.05833333507180214, 0.05000000074505806, 0.04333333484828472, 0.11000000163912774, 0.08000000156462192, 0.07000000141561032, 0.05750000029802323, 0.0649999987334013, 0.14000000730156897, 0.13000000342726709, 0.10000000298023223, 0.0833333358168602, 0.07799999937415122, 0.18000000230968, 0.14749999940395356, 0.1125, 0.09874999970197677, 0.08950000107288361], "recall_mean": [0.10000000298023223, 0.10000000298023223, 0.23333334028720856, 0.4000000059604645, 0.43333334028720855, 0.11000000163912774, 0.16000000312924384, 0.28000000566244126, 0.4600000023841858, 0.6500000119209289, 0.14000000730156897, 0.26000000685453417, 0.40000001192092893, 0.6666666865348816, 0.7800000131130218, 0.18000000230968, 0.2949999988079071, 0.45, 0.7899999976158142, 0.8950000047683716], "infection_percentage": [15, 15, 15, 15, 15, 15, 15, 15, 15, 15, 15, 15, 15, 15, 15, 15, 15, 15, 15, 15], "f_score_mean": [0.10000000298023223, 0.06666667163372039, 0.09333333820104599, 0.08888889402151108, 0.07878788374364376, 0.11000000983476639, 0.10666667148470879, 0.11200000569224358, 0.1022222250699997, 0.11818182319402695, 0.14000000730156897, 0.1733333423733711, 0.1600000087171793, 0.14814815521240235, 0.1418181911110878, 0.18000000789761544, 0.19666667133569718, 0.1800000011920929, 0.17555555701255798, 0.1627272754907608]}