{"n_sources": [1, 1, 1, 1, 1, 3, 3, 3, 3, 3, 5, 5, 5, 5, 5, 7, 7, 7, 7, 7, 3, 3, 3, 3, 3, 3, 3, 3, 3, 3, 3, 3, 3, 3, 3], "top_k": [1, 2, 5, 7, 10, 3, 6, 12, 24, 30, 5, 10, 20, 40, 50, 7, 14, 28, 56, 70, 3, 6, 12, 24, 30, 3, 6, 12, 24, 30, 3, 6, 12, 24, 30], "precision_mean": [0.5, 0.5, 0.40000001043081285, 0.3571428656578064, 0.32000000551342966, 0.7333333402872085, 0.5500000059604645, 0.39999999552965165, 0.3291666656732559, 0.32333334237337114, 0.44000000804662703, 0.3900000087916851, 0.38500000536441803, 0.3275000065565109, 0.318000003695488, 0.6285714477300643, 0.5500000059604645, 0.4607142835855484, 0.39642857313156127, 0.37571429312229154, 0.6000000089406967, 0.5, 0.4249999955296516, 0.3124999970197678, 0.28666667342185975, 0.43333334624767306, 0.33333334028720857, 0.26666667237877845, 0.25, 0.23333334177732468, 0.20000000596046447, 0.1333333358168602, 0.14166666939854622, 0.13333333432674407, 0.13000000417232513], "recall_mean": [0.5, 0.6, 0.85, 0.8666666686534882, 0.95, 0.5083333492279053, 0.6416666775941848, 0.7422619163990021, 0.8998809456825256, 0.9309090971946716, 0.32559524923563005, 0.4740873143076897, 0.7611538589000701, 0.9151907861232758, 0.9740196108818054, 0.44202020615339277, 0.6558824598789215, 0.8067600429058075, 0.9564143240451812, 0.9879999995231629, 0.4016666740179062, 0.5455952495336532, 0.7618578732013702, 0.8713852822780609, 0.9012362658977509, 0.3116666704416275, 0.4383333414793015, 0.599047628045082, 0.791269850730896, 0.8719336271286011, 0.1300000011920929, 0.16500000059604644, 0.33166667222976687, 0.5883333444595337, 0.6466666758060455], "infection_percentage": [5, 5, 5, 5, 5, 5, 5, 5, 5, 5, 5, 5, 5, 5, 5, 5, 5, 5, 5, 5, 10, 10, 10, 10, 10, 15, 15, 15, 15, 15, 20, 20, 20, 20, 20], "f_score_mean": [0.5, 0.5333333373069763, 0.5392857283353806, 0.5016161531209946, 0.47234433591365815, 0.5940476179122924, 0.5893939524888993, 0.5163966417312622, 0.4779967665672302, 0.4778482437133789, 0.3734265834093094, 0.4258884027600288, 0.5077767223119736, 0.48090889155864713, 0.47791995108127594, 0.5164233118295669, 0.5954154074192047, 0.5855627328157424, 0.559261617064476, 0.5432651191949844, 0.47619047164916994, 0.5150183230638504, 0.5327878832817078, 0.45371305346488955, 0.4292710185050964, 0.35952380299568176, 0.37676768749952316, 0.36521673053503034, 0.37688596695661547, 0.3650376796722412, 0.15714285373687745, 0.14636363834142685, 0.19763072729110717, 0.21510455906391143, 0.21382218599319458]}