{"n_sources": [10, 10, 10, 10, 10], "top_k": [10, 20, 40, 80, 100], "precision_mean": [0.29000000581145285, 0.25000000149011614, 0.21750000417232512, 0.1924999997019768, 0.18499999716877938], "recall_mean": [0.08131136186420918, 0.14088330902159213, 0.2463122382760048, 0.42972503453493116, 0.514701983332634], "infection_percentage": [10, 10, 10, 10, 10], "f_score_mean": [0.12655055709183216, 0.17938078790903092, 0.22986188381910325, 0.2645777687430382, 0.27094742059707644]}