{"n_sources": [1, 1, 1, 1, 1, 3, 3, 3, 3, 3, 5, 5, 5, 5, 5, 7, 7, 7, 7, 7, 3, 3, 3, 3, 3, 3, 3, 3, 3, 3, 3, 3, 3, 3, 3, 10, 10, 10, 10, 10, 15, 15, 15, 15, 15, 20, 20, 20, 20, 20], "top_k": [1, 2, 5, 7, 10, 3, 6, 12, 24, 30, 5, 10, 20, 40, 50, 7, 14, 28, 56, 70, 3, 6, 12, 24, 30, 3, 6, 12, 24, 30, 3, 6, 12, 24, 30, 10, 20, 40, 80, 100, 15, 30, 60, 120, 150, 20, 40, 80, 160, 200], "precision_mean": [0.5, 0.4, 0.42000001221895217, 0.35714286714792254, 0.290000007301569, 0.7000000089406967, 0.6333333313465118, 0.4416666626930237, 0.3708333343267441, 0.3533333420753479, 0.5200000166893005, 0.5300000131130218, 0.4800000011920929, 0.3875, 0.35800000131130216, 0.6714285910129547, 0.6428571462631225, 0.5321428537368774, 0.4142857104539871, 0.3728571504354477, 0.6000000149011612, 0.5000000119209289, 0.36666667014360427, 0.31666666716337205, 0.29666667282581327, 0.4666666746139526, 0.3666666716337204, 0.29999999701976776, 0.2624999970197678, 0.2300000049173832, 0.1666666716337204, 0.18333333730697632, 0.175, 0.18333333395421506, 0.16333333924412727, 0.38000000566244124, 0.425, 0.4125, 0.35, 0.34500000178813933, 0.5866666853427887, 0.5500000059604645, 0.5133333325386047, 0.47416666746139524, 0.45266667008399963, 0.6549999952316284, 0.6375, 0.5637500047683716, 0.5081249982118606, 0.4834999948740005], "recall_mean": [0.02551574632525444, 0.038625477254390715, 0.10276335589587689, 0.12228967174887657, 0.13939940333366393, 0.032263835798949, 0.05775106623768807, 0.08055345974862575, 0.1363051027059555, 0.1613661341369152, 0.02563977278769016, 0.05252304561436176, 0.09476284682750702, 0.1535261407494545, 0.17736854255199433, 0.03211225178092718, 0.06137229576706886, 0.1017268069088459, 0.1581186980009079, 0.17795427292585372, 0.027655831910669802, 0.045700719207525255, 0.06817174963653087, 0.11523312106728553, 0.13516591265797614, 0.021747224126011135, 0.03381756544113159, 0.055608051083981994, 0.09623136892914771, 0.10552405714988708, 0.008020472526550294, 0.017459095828235148, 0.033136977907270194, 0.06887230928987265, 0.07682394273579121, 0.018409549817442895, 0.04109197929501533, 0.07985847853124142, 0.13531778901815414, 0.16669040322303771, 0.029163761995732784, 0.05456883981823921, 0.10171805247664452, 0.187859146296978, 0.2240127518773079, 0.034148421697318555, 0.06626230850815773, 0.11707205548882485, 0.2113649606704712, 0.25106294006109237], "infection_percentage": [5, 5, 5, 5, 5, 5, 5, 5, 5, 5, 5, 5, 5, 5, 5, 5, 5, 5, 5, 5, 10, 10, 10, 10, 10, 15, 15, 15, 15, 15, 20, 20, 20, 20, 20, 15, 15, 15, 15, 15, 15, 15, 15, 15, 15, 15, 15, 15, 15, 15], "f_score_mean": [0.048449883610010146, 0.07022992894053459, 0.16403895393013954, 0.18093328401446343, 0.18687931448221207, 0.06163490749895573, 0.10566161423921586, 0.13584582433104514, 0.1983324721455574, 0.22033868879079818, 0.048856692761182784, 0.09553404599428177, 0.15816228091716766, 0.21968814432621003, 0.23692933470010757, 0.061282888427376746, 0.11201507151126862, 0.17071774899959563, 0.22871004343032836, 0.24072527289390563, 0.05284497961401939, 0.08365075848996639, 0.11475172676146031, 0.16843925788998604, 0.18508843034505845, 0.041554387845098975, 0.06191158685833216, 0.09379659779369831, 0.14074527397751807, 0.14457659870386125, 0.015301908925175666, 0.03187521919608116, 0.05570526588708162, 0.10008713826537133, 0.10444919429719449, 0.03511554524302483, 0.07492851540446281, 0.13378110602498056, 0.19511011987924576, 0.22469544112682344, 0.05555867776274681, 0.09926594272255898, 0.16973417848348618, 0.26896908283233645, 0.29954653382301333, 0.06490272656083107, 0.12001479789614677, 0.1938016340136528, 0.29836356192827224, 0.3302896827459335]}