{"n_sources": [3, 3, 3, 3, 3, 10, 10, 10, 10, 10, 15, 15, 15, 15, 15, 20, 20, 20, 20, 20], "top_k": [3, 6, 12, 24, 30, 10, 20, 40, 80, 100, 15, 30, 60, 120, 150, 20, 40, 80, 160, 200], "precision_mean": [0.06666666865348816, 0.0833333358168602, 0.06666666865348816, 0.06250000149011611, 0.05000000223517418, 0.06000000089406967, 0.055000001564621925, 0.060000001452863216, 0.05250000022351742, 0.048999999277293683, 0.14000000581145286, 0.11000000461935996, 0.11000000350177289, 0.08416666872799397, 0.07666666582226753, 0.18000000230968, 0.1525000013411045, 0.1262499988079071, 0.10124999955296517, 0.09300000071525574], "recall_mean": [0.06666666865348816, 0.1666666716337204, 0.26666667461395266, 0.5000000119209289, 0.5000000119209289, 0.06000000089406967, 0.11000000312924385, 0.24000000581145287, 0.42000000178813934, 0.4900000125169754, 0.14000000581145286, 0.22000000923871993, 0.44000001400709154, 0.6733333498239518, 0.7666666805744171, 0.18000000230968, 0.305000002682209, 0.5049999952316284, 0.8099999964237213, 0.9299999952316285], "infection_percentage": [15, 15, 15, 15, 15, 15, 15, 15, 15, 15, 15, 15, 15, 15, 15, 15, 15, 15, 15, 15], "f_score_mean": [0.06666666865348816, 0.111111119389534, 0.10666667222976685, 0.11111112087965011, 0.0909090980887413, 0.06000000536441803, 0.07333333566784858, 0.09600000567734242, 0.09333333522081375, 0.08909090980887413, 0.14000000879168512, 0.1466666728258133, 0.1760000094771385, 0.14962963685393332, 0.13939394503831865, 0.18000000789761544, 0.20333333909511567, 0.20199999660253526, 0.17999999970197678, 0.1690909147262573]}