{"n_sources": [3, 3, 3, 3, 3, 10, 10, 10, 10, 10, 15, 15, 15, 15, 15, 20, 20, 20, 20, 20], "top_k": [3, 6, 12, 24, 30, 10, 20, 40, 80, 100, 15, 30, 60, 120, 150, 20, 40, 80, 160, 200], "precision_mean": [0.3333333432674408, 0.28333333879709244, 0.2583333358168602, 0.21666666716337205, 0.19333333820104598, 0.4400000095367432, 0.3949999988079071, 0.3625000029802322, 0.332499997317791, 0.3320000022649765, 0.5600000143051147, 0.5500000089406967, 0.5133333384990693, 0.4575000017881393, 0.43066666424274447, 0.675, 0.6074999988079071, 0.5699999928474426, 0.5056250005960464, 0.49350000321865084], "recall_mean": [0.014707432780414819, 0.024749241303652525, 0.04540600869804621, 0.07682053931057453, 0.08593843579292297, 0.0216607584618032, 0.0389137901365757, 0.07145855724811553, 0.13174789324402808, 0.16461228728294372, 0.028440433368086816, 0.05592525154352188, 0.10381978303194046, 0.18537491858005523, 0.21816081702709197, 0.03504837118089199, 0.06323720477521419, 0.11855291277170181, 0.21008103638887404, 0.25643991976976394], "infection_percentage": [15, 15, 15, 15, 15, 15, 15, 15, 15, 15, 15, 15, 15, 15, 15, 15, 15, 15, 15, 15], "f_score_mean": [0.02815872021019459, 0.04547809977084398, 0.0771074004471302, 0.11313845366239547, 0.11865992620587348, 0.04128436129540205, 0.07083518914878369, 0.11934563741087914, 0.18861546665430068, 0.2199621319770813, 0.05412711426615715, 0.10151059329509735, 0.17266637235879898, 0.26374098360538484, 0.2894930511713028, 0.06663039177656174, 0.11453071907162667, 0.19622710049152375, 0.2967089146375656, 0.3373518168926239]}