{"n_sources": [1, 1, 1, 1, 1, 3, 3, 3, 3, 3, 5, 5, 5, 5, 5, 7, 7, 7, 7, 7, 3, 3, 3, 3, 3, 3, 3, 3, 3, 3, 3, 3, 3, 3, 3, 10, 10, 10, 10, 10, 15, 15, 15, 15, 15, 20, 20, 20, 20, 20], "top_k": [1, 2, 5, 7, 10, 3, 6, 12, 24, 30, 5, 10, 20, 40, 50, 7, 14, 28, 56, 70, 3, 6, 12, 24, 30, 3, 6, 12, 24, 30, 3, 6, 12, 24, 30, 10, 20, 40, 80, 100, 15, 30, 60, 120, 150, 20, 40, 80, 160, 200], "precision_mean": [0.5, 0.45, 0.32000000923871996, 0.3285714402794838, 0.27000000327825546, 0.4333333432674408, 0.4500000074505806, 0.39166666865348815, 0.3166666656732559, 0.3100000098347664, 0.5400000110268592, 0.5700000062584877, 0.44000000357627866, 0.3924999997019768, 0.3600000023841858, 0.5714285880327225, 0.5785714328289032, 0.5250000029802322, 0.4053571492433548, 0.37142857909202576, 0.4666666805744171, 0.3833333417773247, 0.32500000298023224, 0.2666666641831398, 0.23666667342185974, 0.3000000089406967, 0.28333333879709244, 0.2916666679084301, 0.2125000014901161, 0.19333333820104598, 0.36666667759418486, 0.35000000447034835, 0.2666666701436043, 0.225, 0.2200000062584877, 0.3500000014901161, 0.3850000038743019, 0.3549999982118607, 0.34375, 0.3300000041723251, 0.6066666811704635, 0.6066666752099991, 0.5466666728258133, 0.4766666620969772, 0.4460000038146973, 0.6699999988079071, 0.6350000023841857, 0.5787499964237213, 0.5124999970197678, 0.49399999976158143], "recall_mean": [0.018665825203061103, 0.03799452930688858, 0.06538901031017304, 0.09184271432459354, 0.10617141723632813, 0.020584380347281696, 0.04149165116250515, 0.07118745297193527, 0.11597676947712898, 0.14159668013453483, 0.025020143296569586, 0.053339633904397485, 0.08236881773918867, 0.14649266228079796, 0.1685931384563446, 0.026853825151920318, 0.054465227946639064, 0.09827250391244888, 0.15267703980207442, 0.17481851130723952, 0.022159943543374538, 0.03594300802797079, 0.06102371662855148, 0.10118493735790253, 0.11234229728579521, 0.013954082317650319, 0.02563810730352998, 0.05257351798936725, 0.07715396415442229, 0.08687377199530602, 0.0171716102398932, 0.03239756897091865, 0.04886869471520185, 0.08294582441449165, 0.10142817161977291, 0.017487073270604014, 0.03822979014366865, 0.07031774260103703, 0.1361287862062454, 0.16351386308670043, 0.030806042812764646, 0.061549144238233565, 0.11073541343212127, 0.19315460026264192, 0.22585714608430862, 0.03482157737016678, 0.06599983759224415, 0.12037489488720894, 0.2130259171128273, 0.25679096281528474], "infection_percentage": [5, 5, 5, 5, 5, 5, 5, 5, 5, 5, 5, 5, 5, 5, 5, 5, 5, 5, 5, 5, 10, 10, 10, 10, 10, 15, 15, 15, 15, 15, 20, 20, 20, 20, 20, 15, 15, 15, 15, 15, 15, 15, 15, 15, 15, 15, 15, 15, 15, 15], "f_score_mean": [0.03595972359180451, 0.06944382674992085, 0.10730132758617401, 0.14199120961129666, 0.1506620492786169, 0.039278682135045526, 0.07589107640087604, 0.12025717943906784, 0.16926290914416314, 0.19378348141908647, 0.04780298396945, 0.0974747184664011, 0.13858563229441642, 0.21297471672296525, 0.22921348959207535, 0.05127923563122749, 0.09949212968349457, 0.16535748392343522, 0.22144467681646346, 0.23730797320604324, 0.04228902123868465, 0.06567684970796109, 0.10264405459165574, 0.14649004861712456, 0.15211137682199477, 0.02665906772017479, 0.046975426562130454, 0.08895262386649846, 0.11292008273303508, 0.11952546834945679, 0.03279413133859634, 0.05927516855299473, 0.08252913244068623, 0.12105557098984718, 0.1386444739997387, 0.03330549476668239, 0.06953662671148778, 0.11734077110886573, 0.19491880387067795, 0.21854317039251328, 0.05862960666418075, 0.1117429256439209, 0.18411702215671538, 0.27480638921260836, 0.29973635375499724, 0.06619617454707623, 0.1195519097149372, 0.1992410346865654, 0.3008307605981827, 0.3377714276313782]}